test-1	False	True
test-2	False	False
test-3	True	False
test-4	True	False
test-5	True	False
test-6	False	True
test-7	True	False
test-8	False	True
test-9	True	False
test-10	False	True
test-11	False	True
test-12	True	False
test-13	True	True
test-14	False	True
test-15	False	False
test-16	False	True
test-17	True	True
test-18	True	False
test-19	True	False
test-20	False	True
test-21	True	True
test-22	True	False
test-23	True	False
test-24	True	False
test-25	False	False
test-26	False	False
test-27	False	True
test-28	False	True
test-29	False	False
test-30	False	False
test-31	True	True
test-32	True	True
test-33	False	False
test-34	False	False
test-35	True	True
test-36	False	False
test-37	False	False
test-38	False	False
test-39	True	False
test-40	True	False
test-41	True	True
test-42	False	False
test-43	True	True
test-44	False	True
test-45	False	True
test-46	True	False
test-47	False	False
test-48	False	True
test-49	True	True
test-50	True	True
test-51	False	True
test-52	True	False
test-53	False	False
test-54	False	False
test-55	False	True
test-56	False	False
test-57	False	False
test-58	True	False
test-59	True	False
test-60	False	True
test-61	True	False
test-62	False	False
test-63	True	False
test-64	False	False
test-65	False	False
test-66	False	False
test-67	False	True
test-68	True	False
test-69	True	False
test-70	False	True
test-71	False	False
test-72	False	False
test-73	True	True
test-74	True	False
test-75	True	True
test-76	False	False
test-77	False	False
test-78	True	False
test-79	True	True
test-80	False	True
test-81	True	True
test-82	False	True
test-83	False	True
test-84	False	False
test-85	False	True
test-86	True	False
test-87	False	True
test-88	False	False
test-89	False	False
test-90	True	False
test-91	True	True
test-92	False	False
test-93	False	False
test-94	True	False
test-95	True	True
test-96	False	False
test-97	False	False
test-98	False	False
test-99	False	True
test-100	True	False
test-101	False	True
test-102	False	True
test-103	True	True
test-104	False	False
test-105	False	False
test-106	True	False
test-107	True	True
test-108	False	True
test-109	False	True
test-110	False	False
test-111	False	False
test-112	False	True
test-113	True	False
test-114	False	True
test-115	False	True
test-116	True	True
test-117	False	False
test-118	False	False
test-119	False	False
test-120	True	False
test-121	False	False
test-122	True	False
test-123	False	False
test-124	False	True
test-125	False	False
test-126	False	False
test-127	False	False
test-128	False	False
test-129	False	True
test-130	True	False
test-131	False	True
test-132	True	True
test-133	True	True
test-134	True	False
test-135	False	False
test-136	False	False
test-137	False	True
test-138	False	True
test-139	True	True
test-140	False	True
test-141	False	True
test-142	True	True
test-143	False	False
test-144	False	False
test-145	True	False
test-146	False	False
test-147	False	True
test-148	True	True
test-149	True	True
test-150	True	False
test-151	True	True
test-152	False	False
test-153	False	True
test-154	True	True
test-155	False	False
test-156	True	False
test-157	False	False
test-158	False	True
test-159	True	True
test-160	False	False
test-161	True	False
test-162	False	False
test-163	True	False
test-164	True	False
test-165	True	True
test-166	True	False
test-167	False	False
test-168	True	False
test-169	False	False
test-170	False	False
test-171	False	True
test-172	False	True
test-173	True	False
test-174	True	True
test-175	False	False
test-176	True	False
test-177	False	False
test-178	True	False
test-179	True	False
test-180	False	True
test-181	False	True
test-182	True	True
test-183	False	True
test-184	True	True
test-185	False	True
test-186	True	False
test-187	False	False
test-188	False	True
test-189	False	False
test-190	False	True
test-191	False	True
test-192	False	True
test-193	False	False
test-194	True	True
test-195	True	True
test-196	False	True
test-197	False	False
test-198	False	True
test-199	False	False
test-200	True	False
test-201	True	True
test-202	False	True
test-203	True	True
test-204	False	True
test-205	True	False
test-206	False	True
test-207	False	False
test-208	False	False
test-209	False	False
test-210	False	False
test-211	False	True
test-212	True	True
test-213	False	False
test-214	False	False
test-215	False	False
test-216	True	False
test-217	False	True
test-218	False	False
test-219	True	False
test-220	False	True
test-221	False	True
test-222	True	False
test-223	False	False
test-224	True	True
test-225	True	False
test-226	True	False
test-227	False	True
test-228	False	False
test-229	True	True
test-230	True	True
test-231	False	False
test-232	False	True
test-233	False	False
test-234	False	True
test-235	False	False
test-236	True	False
test-237	False	False
test-238	True	True
test-239	False	False
test-240	True	False
test-241	False	False
test-242	False	False
test-243	False	False
test-244	False	True
test-245	False	True
test-246	False	True
test-247	False	False
test-248	False	True
test-249	False	False
test-250	False	True
test-251	False	False
test-252	True	False
test-253	False	False
test-254	True	True
test-255	True	False
test-256	False	True
test-257	False	True
test-258	True	False
test-259	False	False
test-260	False	False
test-261	False	False
test-262	True	False
test-263	False	True
test-264	False	False
test-265	False	False
test-266	False	False
test-267	False	True
test-268	True	False
test-269	True	False
test-270	False	True
test-271	False	True
test-272	False	False
test-273	True	False
test-274	False	False
test-275	False	False
test-276	False	False
test-277	False	False
test-278	False	False
test-279	True	False
test-280	False	False
test-281	True	True
test-282	False	False
test-283	False	True
test-284	False	False
test-285	True	True
test-286	True	False
test-287	False	False
test-288	True	True
test-289	False	True
test-290	True	False
test-291	True	False
test-292	True	False
test-293	True	True
test-294	False	False
test-295	False	False
test-296	False	False
test-297	False	False
test-298	False	False
test-299	True	False
test-300	False	False
test-301	True	False
test-302	False	True
test-303	True	True
test-304	False	True
test-305	False	False
test-306	False	False
test-307	False	True
test-308	False	False
test-309	False	False
test-310	False	False
test-311	False	False
test-312	False	True
test-313	False	False
test-314	True	False
test-315	True	False
test-316	True	True
test-317	False	True
test-318	True	False
test-319	False	True
test-320	True	True
test-321	False	True
test-322	False	True
test-323	True	True
test-324	True	True
test-325	False	False
test-326	False	False
test-327	False	True
test-328	False	False
test-329	False	False
test-330	False	False
test-331	False	False
test-332	True	True
test-333	False	True
test-334	True	False
test-335	False	True
test-336	False	False
test-337	False	True
test-338	False	False
test-339	True	False
test-340	True	True
test-341	True	True
test-342	True	False
test-343	True	True
test-344	True	True
test-345	True	False
test-346	True	True
test-347	False	True
test-348	False	True
test-349	True	False
test-350	True	True
test-351	False	True
test-352	False	False
test-353	False	False
test-354	True	False
test-355	False	False
test-356	True	True
test-357	True	False
test-358	False	False
test-359	False	False
test-360	False	False
test-361	True	True
test-362	False	False
test-363	True	False
test-364	False	False
test-365	False	True
test-366	False	False
test-367	False	False
test-368	False	False
test-369	True	False
test-370	False	False
test-371	False	False
test-372	False	False
test-373	True	True
test-374	False	False
test-375	True	True
test-376	False	False
test-377	False	False
test-378	False	False
test-379	False	True
test-380	True	False
test-381	True	False
test-382	False	True
test-383	False	True
test-384	True	False
test-385	True	False
test-386	True	False
test-387	False	False
test-388	True	True
test-389	True	False
test-390	False	False
test-391	True	True
test-392	True	True
test-393	True	True
test-394	False	False
test-395	False	False
test-396	False	False
test-397	False	False
test-398	True	False
test-399	False	True
test-400	False	True
test-401	True	False
test-402	False	False
test-403	True	True
test-404	False	False
test-405	False	True
test-406	False	True
test-407	False	False
test-408	False	True
test-409	True	True
test-410	False	True
test-411	True	False
test-412	False	True
test-413	True	True
test-414	True	True
test-415	True	False
test-416	True	False
test-417	False	False
test-418	True	False
test-419	False	True
test-420	False	False
test-421	False	False
test-422	False	False
test-423	False	False
test-424	False	False
test-425	False	False
test-426	True	True
test-427	False	True
test-428	False	True
test-429	False	False
test-430	False	False
test-431	False	False
test-432	False	True
test-433	True	False
test-434	False	False
test-435	False	False
test-436	False	True
test-437	True	False
test-438	False	False
test-439	False	True
test-440	False	False
test-441	True	False
test-442	True	True
test-443	False	True
test-444	False	True
test-445	True	True
test-446	False	False
test-447	False	True
test-448	False	True
test-449	False	True
test-450	False	False
test-451	True	False
test-452	False	False
test-453	True	False
test-454	True	True
test-455	False	True
test-456	True	False
test-457	False	True
test-458	False	True
test-459	False	False
test-460	True	True
test-461	True	False
test-462	True	True
test-463	False	True
test-464	False	False
test-465	False	True
test-466	False	False
test-467	False	False
test-468	True	True
test-469	True	False
test-470	True	False
test-471	True	True
test-472	True	True
test-473	True	False
test-474	True	True
test-475	False	True
test-476	False	False
test-477	False	True
test-478	False	False
test-479	True	True
test-480	True	False
test-481	True	False
test-482	True	True
test-483	False	False
test-484	True	False
test-485	False	True
test-486	False	False
test-487	False	True
test-488	False	True
test-489	False	False
test-490	False	True
test-491	False	False
test-492	False	True
test-493	True	True
test-494	False	False
test-495	False	False
test-496	False	False
test-497	True	False
test-498	False	True
test-499	False	False
test-500	False	True
test-501	False	False
test-502	False	True
test-503	False	True
test-504	False	False
test-505	False	True
test-506	False	False
test-507	True	True
test-508	False	False
test-509	False	False
test-510	False	False
test-511	False	False
test-512	False	True
test-513	False	False
test-514	False	False
test-515	False	False
test-516	False	False
test-517	False	True
test-518	True	True
test-519	False	False
test-520	False	False
test-521	False	False
test-522	False	False
test-523	False	True
test-524	False	False
test-525	True	False
test-526	True	True
test-527	True	False
test-528	True	False
test-529	False	False
test-530	True	True
test-531	True	True
test-532	False	True
test-533	True	False
test-534	False	True
test-535	False	False
test-536	True	False
test-537	True	False
test-538	False	False
test-539	False	True
test-540	True	True
test-541	True	False
test-542	True	True
test-543	False	True
test-544	False	False
test-545	True	False
test-546	False	False
test-547	True	False
test-548	False	False
test-549	False	True
test-550	True	False
test-551	False	False
test-552	True	False
test-553	False	False
test-554	False	True
test-555	True	False
test-556	True	False
test-557	False	False
test-558	False	True
test-559	False	False
test-560	False	False
test-561	True	False
test-562	True	True
test-563	False	True
test-564	True	True
test-565	False	True
test-566	False	False
test-567	True	True
test-568	True	False
test-569	False	False
test-570	True	False
test-571	False	False
test-572	True	False
test-573	True	True
test-574	True	False
test-575	False	True
test-576	True	False
test-577	True	False
test-578	True	False
test-579	True	False
test-580	True	False
test-581	False	False
test-582	True	False
test-583	True	True
test-584	True	True
test-585	False	False
test-586	True	True
test-587	False	False
test-588	False	False
test-589	False	False
test-590	False	False
test-591	False	False
test-592	False	True
test-593	False	False
test-594	False	False
test-595	False	True
test-596	False	False
test-597	False	True
test-598	False	False
test-599	True	True
test-600	True	True
test-601	False	False
test-602	False	False
test-603	False	True
test-604	True	True
test-605	True	True
test-606	False	True
test-607	False	True
test-608	False	False
test-609	False	False
test-610	False	False
test-611	False	True
test-612	True	False
test-613	False	False
test-614	False	True
test-615	False	False
test-616	True	True
test-617	False	False
test-618	True	True
test-619	False	False
test-620	True	False
test-621	False	False
test-622	True	True
test-623	False	True
test-624	False	True
test-625	False	False
test-626	True	False
test-627	True	False
test-628	True	False
test-629	True	False
test-630	False	True
test-631	False	True
test-632	False	True
test-633	True	True
test-634	True	True
test-635	False	False
test-636	False	True
test-637	False	True
test-638	False	False
test-639	False	False
test-640	False	True
test-641	False	False
test-642	False	True
test-643	False	True
test-644	False	True
test-645	True	False
test-646	True	True
test-647	True	False
test-648	True	False
test-649	False	False
test-650	False	False
test-651	True	False
test-652	False	True
test-653	False	False
test-654	True	True
test-655	True	True
test-656	False	False
test-657	True	True
test-658	True	True
test-659	False	False
test-660	True	False
test-661	True	False
test-662	False	False
test-663	True	True
test-664	True	True
test-665	False	False
test-666	False	True
test-667	False	True
test-668	False	True
test-669	True	False
test-670	False	False
test-671	True	False
test-672	True	False
test-673	False	True
test-674	False	True
test-675	False	False
test-676	False	False
test-677	False	False
test-678	False	False
test-679	True	False
test-680	True	True
test-681	False	True
test-682	False	False
test-683	True	False
test-684	False	False
test-685	False	False
test-686	True	True
test-687	False	True
test-688	True	False
test-689	False	False
test-690	True	False
test-691	False	False
test-692	True	True
test-693	False	False
test-694	True	False
test-695	False	False
test-696	False	False
test-697	True	False
test-698	True	False
test-699	True	False
test-700	True	False
test-701	True	False
test-702	False	True
test-703	True	False
test-704	False	False
test-705	False	False
test-706	False	False
test-707	True	False
test-708	True	False
test-709	False	True
test-710	False	True
test-711	True	True
test-712	True	False
test-713	True	False
test-714	False	True
test-715	True	False
test-716	True	True
test-717	False	True
test-718	True	False
test-719	True	True
test-720	False	False
test-721	False	False
test-722	False	True
test-723	True	True
test-724	False	False
test-725	True	True
test-726	False	False
test-727	False	False
test-728	False	False
test-729	False	False
test-730	False	False
test-731	True	True
test-732	True	True
test-733	False	True
test-734	False	False
test-735	True	False
test-736	True	True
test-737	True	True
test-738	False	False
test-739	False	False
test-740	False	False
test-741	False	False
test-742	True	False
test-743	False	False
test-744	True	False
test-745	False	True
test-746	True	False
test-747	False	False
test-748	False	True
test-749	False	False
test-750	False	False
test-751	True	False
test-752	False	False
test-753	False	False
test-754	False	True
test-755	False	True
test-756	False	False
test-757	True	False
test-758	True	True
test-759	False	True
test-760	False	True
test-761	False	True
test-762	True	False
test-763	True	True
test-764	False	False
test-765	True	False
test-766	True	True
test-767	False	True
test-768	True	False
test-769	True	False
test-770	True	False
test-771	True	True
test-772	False	True
test-773	True	False
test-774	True	True
test-775	False	False
test-776	False	True
test-777	True	True
test-778	True	True
test-779	True	False
test-780	False	False
test-781	True	True
test-782	True	True
test-783	True	True
test-784	False	False
test-785	False	False
test-786	True	True
test-787	True	False
test-788	False	False
test-789	False	False
test-790	False	False
test-791	False	False
test-792	False	True
test-793	False	False
test-794	False	True
test-795	False	False
test-796	True	False
test-797	False	False
test-798	True	False
test-799	False	False
test-800	False	False
test-801	False	False
test-802	False	False
test-803	True	True
test-804	False	True
test-805	True	False
test-806	False	True
test-807	True	True
test-808	False	False
test-809	False	False
test-810	True	True
test-811	True	True
test-812	False	True
test-813	True	True
test-814	False	True
test-815	False	False
test-816	False	True
test-817	True	False
test-818	False	False
test-819	False	True
test-820	True	False
test-821	False	False
test-822	True	False
test-823	False	True
test-824	False	False
test-825	True	True
test-826	True	False
test-827	False	False
test-828	False	False
test-829	True	True
test-830	False	False
test-831	True	True
test-832	True	False
test-833	False	True
test-834	True	False
test-835	True	False
test-836	True	False
test-837	False	False
test-838	False	True
test-839	False	True
test-840	True	False
test-841	False	True
test-842	True	True
test-843	False	False
test-844	False	False
test-845	True	False
test-846	False	True
test-847	False	True
test-848	False	False
test-849	True	True
test-850	True	False
test-851	False	True
test-852	False	False
test-853	False	True
test-854	True	False
test-855	False	False
test-856	True	False
test-857	False	False
test-858	False	True
test-859	True	False
test-860	False	False
test-861	False	False
test-862	True	False
test-863	False	False
test-864	True	False
test-865	False	False
test-866	False	True
test-867	False	False
test-868	False	True
test-869	True	False
test-870	True	True
test-871	True	False
test-872	False	False
test-873	False	False
test-874	False	False
test-875	False	True
test-876	False	True
test-877	False	True
test-878	True	False
test-879	False	True
test-880	False	True
test-881	False	False
test-882	False	False
test-883	False	True
test-884	False	True
test-885	False	False
test-886	False	False
test-887	True	True
test-888	False	True
test-889	True	True
test-890	False	False
test-891	True	False
test-892	True	True
test-893	False	True
test-894	False	False
test-895	False	False
test-896	True	True
test-897	True	False
test-898	True	True
test-899	False	True
test-900	True	False
test-901	False	True
test-902	False	False
test-903	True	True
test-904	False	False
test-905	True	False
test-906	True	False
test-907	False	True
test-908	False	False
test-909	False	False
test-910	False	True
test-911	False	True
test-912	True	True
test-913	False	True
test-914	False	False
test-915	True	False
test-916	True	True
test-917	False	True
test-918	False	True
test-919	False	True
test-920	False	True
test-921	False	True
test-922	False	False
test-923	False	True
test-924	False	False
test-925	True	False
test-926	True	True
test-927	False	True
test-928	False	False
test-929	False	False
test-930	True	True
test-931	True	True
test-932	False	False
test-933	False	True
test-934	False	False
test-935	True	False
test-936	False	False
test-937	True	False
test-938	False	False
test-939	False	False
test-940	True	False
test-941	False	False
test-942	False	False
test-943	False	True
test-944	True	False
test-945	False	True
test-946	False	True
test-947	True	False
test-948	False	True
test-949	False	True
test-950	True	False
test-951	True	False
test-952	True	True
test-953	False	True
test-954	False	True
test-955	False	False
test-956	False	True
test-957	True	False
test-958	False	False
test-959	False	False
test-960	False	False
test-961	False	False
test-962	False	False
test-963	True	False
test-964	True	False
test-965	False	True
test-966	True	False
test-967	False	False
test-968	True	False
test-969	False	False
test-970	True	False
test-971	False	True
test-972	True	False
test-973	True	True
test-974	True	False
test-975	False	False
test-976	True	False
test-977	True	False
test-978	False	True
test-979	False	True
test-980	False	True
test-981	False	False
test-982	True	False
test-983	False	False
test-984	False	False
test-985	True	False
test-986	False	False
test-987	False	False
test-988	False	True
test-989	True	True
test-990	True	True
test-991	False	False
test-992	True	True
test-993	False	True
test-994	True	True
test-995	True	False
test-996	False	False
test-997	False	False
test-998	True	False
test-999	True	False
test-1000	False	False
test-1001	False	False
test-1002	True	True
test-1003	True	False
test-1004	False	False
test-1005	False	False
test-1006	True	True
test-1007	True	False
test-1008	False	False
test-1009	False	False
test-1010	False	False
test-1011	False	False
test-1012	True	False
test-1013	False	False
test-1014	False	False
test-1015	True	True
test-1016	False	False
test-1017	False	False
test-1018	False	False
test-1019	True	True
test-1020	True	True
test-1021	False	False
test-1022	False	True
test-1023	True	False
test-1024	False	False
test-1025	False	True
test-1026	False	False
test-1027	False	False
test-1028	True	False
test-1029	True	True
test-1030	True	False
test-1031	True	False
test-1032	True	False
test-1033	True	False
test-1034	True	False
test-1035	False	False
test-1036	False	False
test-1037	False	False
test-1038	True	False
test-1039	False	False
test-1040	False	False
test-1041	True	False
test-1042	False	False
test-1043	False	False
test-1044	True	False
test-1045	False	False
test-1046	False	False
test-1047	False	False
test-1048	False	True
test-1049	False	False
test-1050	False	False
test-1051	True	False
test-1052	True	False
test-1053	True	True
test-1054	True	False
test-1055	False	True
test-1056	False	False
test-1057	False	False
test-1058	True	False
test-1059	False	False
test-1060	True	False
test-1061	True	True
test-1062	True	True
test-1063	False	True
test-1064	True	True
test-1065	True	False
test-1066	True	True
test-1067	False	False
test-1068	False	False
test-1069	True	True
test-1070	True	True
test-1071	False	True
test-1072	False	False
test-1073	False	False
test-1074	False	True
test-1075	True	False
test-1076	False	False
test-1077	False	True
test-1078	True	True
test-1079	True	True
test-1080	False	False
test-1081	True	True
test-1082	True	True
test-1083	True	True
test-1084	True	True
test-1085	True	False
test-1086	False	False
test-1087	False	False
test-1088	True	True
test-1089	False	False
test-1090	True	False
test-1091	True	False
test-1092	False	False
test-1093	False	True
test-1094	False	True
test-1095	True	True
test-1096	False	True
test-1097	True	False
test-1098	False	True
test-1099	False	True
test-1100	False	False
test-1101	False	False
test-1102	False	False
test-1103	False	True
test-1104	False	False
test-1105	False	False
test-1106	False	True
test-1107	True	False
test-1108	False	True
test-1109	False	False
test-1110	False	False
test-1111	False	False
test-1112	True	False
test-1113	True	False
test-1114	False	False
test-1115	True	False
test-1116	False	False
test-1117	True	False
test-1118	False	False
test-1119	False	True
test-1120	False	False
test-1121	False	False
test-1122	False	True
test-1123	True	True
test-1124	False	False
test-1125	True	False
test-1126	False	True
test-1127	False	True
test-1128	True	True
test-1129	False	False
test-1130	True	False
test-1131	True	False
test-1132	True	True
test-1133	False	True
test-1134	False	False
test-1135	False	True
test-1136	False	False
test-1137	False	False
test-1138	False	True
test-1139	True	False
test-1140	False	True
test-1141	False	False
test-1142	False	False
test-1143	False	True
test-1144	False	False
test-1145	True	False
test-1146	True	False
test-1147	False	True
test-1148	True	False
test-1149	False	True
test-1150	False	True
test-1151	False	False
test-1152	True	True
test-1153	False	False
test-1154	True	True
test-1155	False	True
test-1156	True	True
test-1157	False	True
test-1158	False	True
test-1159	False	False
test-1160	False	True
test-1161	False	False
test-1162	False	False
test-1163	False	True
test-1164	False	True
test-1165	True	False
test-1166	False	False
test-1167	False	True
test-1168	True	False
test-1169	True	True
test-1170	False	False
test-1171	False	True
test-1172	False	True
test-1173	False	False
test-1174	False	False
test-1175	True	True
test-1176	False	True
test-1177	True	False
test-1178	True	False
test-1179	True	False
test-1180	False	True
test-1181	True	False
test-1182	True	False
test-1183	False	False
test-1184	True	False
test-1185	False	True
test-1186	False	False
test-1187	False	False
test-1188	True	False
test-1189	False	True
test-1190	False	False
test-1191	True	False
test-1192	False	True
test-1193	False	False
test-1194	False	False
test-1195	False	True
test-1196	True	True
test-1197	True	True
test-1198	True	False
test-1199	False	True
test-1200	True	False
test-1201	True	True
test-1202	False	False
test-1203	False	False
test-1204	False	False
test-1205	False	False
test-1206	False	False
test-1207	False	True
test-1208	True	False
test-1209	True	True
test-1210	False	False
test-1211	False	False
test-1212	True	False
test-1213	False	False
test-1214	True	True
test-1215	False	False
test-1216	False	True
test-1217	True	False
test-1218	False	False
test-1219	False	False
test-1220	False	True
test-1221	False	False
test-1222	False	False
test-1223	True	True
test-1224	False	False
test-1225	False	True
test-1226	False	False
test-1227	True	True
test-1228	False	True
test-1229	True	False
test-1230	False	False
test-1231	False	True
test-1232	False	True
test-1233	False	False
test-1234	False	False
test-1235	True	True
test-1236	True	True
test-1237	False	True
test-1238	False	False
test-1239	False	False
test-1240	True	False
test-1241	False	True
test-1242	False	True
test-1243	False	True
test-1244	False	False
test-1245	False	False
test-1246	True	False
test-1247	True	False
test-1248	False	True
test-1249	False	True
test-1250	False	False
test-1251	False	True
test-1252	True	True
test-1253	False	False
test-1254	True	True
test-1255	False	True
test-1256	True	False
test-1257	False	False
test-1258	True	False
test-1259	True	False
test-1260	False	True
test-1261	True	True
test-1262	False	False
test-1263	False	True
test-1264	True	False
test-1265	True	False
test-1266	True	False
test-1267	True	True
test-1268	False	False
test-1269	True	False
test-1270	False	True
test-1271	False	False
test-1272	False	False
test-1273	True	False
test-1274	False	True
test-1275	False	True
test-1276	True	True
test-1277	False	True
test-1278	False	False
test-1279	False	False
test-1280	False	False
test-1281	True	False
test-1282	False	False
test-1283	False	False
test-1284	False	True
test-1285	False	False
test-1286	True	False
test-1287	False	True
test-1288	False	True
test-1289	False	True
test-1290	True	False
test-1291	False	True
test-1292	False	True
test-1293	True	False
test-1294	True	False
test-1295	False	False
test-1296	False	True
test-1297	False	False
test-1298	True	False
test-1299	True	False
test-1300	True	False
test-1301	False	True
test-1302	True	False
test-1303	True	True
test-1304	True	True
test-1305	True	True
test-1306	False	False
test-1307	True	False
test-1308	False	False
test-1309	False	True
test-1310	False	True
test-1311	False	False
test-1312	False	True
test-1313	False	False
test-1314	False	True
test-1315	True	False
test-1316	False	False
test-1317	False	False
test-1318	True	False
test-1319	False	False
test-1320	False	False
test-1321	False	False
test-1322	True	True
test-1323	True	True
test-1324	False	True
test-1325	False	False
test-1326	False	True
test-1327	False	True
test-1328	True	True
test-1329	True	False
test-1330	True	True
test-1331	False	False
test-1332	False	False
test-1333	False	False
test-1334	False	False
test-1335	False	True
test-1336	False	False
test-1337	True	True
test-1338	False	True
test-1339	True	True
test-1340	False	False
test-1341	False	False
test-1342	False	False
test-1343	True	False
test-1344	False	True
test-1345	False	False
test-1346	False	True
test-1347	False	True
test-1348	False	False
test-1349	True	False
test-1350	True	False
test-1351	False	True
test-1352	False	True
test-1353	False	False
test-1354	False	False
test-1355	False	False
test-1356	False	False
test-1357	False	False
test-1358	True	False
test-1359	False	False
test-1360	True	True
test-1361	True	True
test-1362	False	True
test-1363	True	False
test-1364	False	False
test-1365	True	False
test-1366	True	True
test-1367	False	False
test-1368	False	True
test-1369	False	False
test-1370	False	False
test-1371	False	False
test-1372	True	False
test-1373	True	True
test-1374	False	False
test-1375	False	False
test-1376	True	False
test-1377	True	True
test-1378	False	False
test-1379	False	False
test-1380	True	False
test-1381	True	False
test-1382	False	True
test-1383	False	False
test-1384	False	False
test-1385	True	True
test-1386	False	False
test-1387	False	False
test-1388	True	True
test-1389	True	False
test-1390	False	False
test-1391	False	False
test-1392	False	True
test-1393	True	True
test-1394	True	False
test-1395	False	False
test-1396	False	False
test-1397	False	False
test-1398	False	False
test-1399	False	False
test-1400	False	True
test-1401	False	False
test-1402	False	False
test-1403	True	False
test-1404	True	True
test-1405	True	False
test-1406	False	True
test-1407	False	True
test-1408	True	True
test-1409	False	False
test-1410	False	False
test-1411	False	False
test-1412	True	True
test-1413	False	True
test-1414	False	True
test-1415	True	False
test-1416	True	False
test-1417	False	False
test-1418	False	False
test-1419	False	False
test-1420	False	True
test-1421	False	False
test-1422	False	True
test-1423	False	True
test-1424	False	False
test-1425	False	True
test-1426	False	False
test-1427	True	True
test-1428	False	True
test-1429	True	True
test-1430	False	False
test-1431	False	False
test-1432	False	False
test-1433	False	False
test-1434	True	False
test-1435	True	False
test-1436	False	False
test-1437	True	False
test-1438	False	True
test-1439	False	True
test-1440	False	False
test-1441	True	False
test-1442	True	True
test-1443	False	False
test-1444	False	True
test-1445	False	False
test-1446	True	True
test-1447	True	False
test-1448	False	False
test-1449	False	False
test-1450	True	False
test-1451	False	False
test-1452	True	True
test-1453	False	True
test-1454	False	False
test-1455	True	False
test-1456	False	False
test-1457	False	False
test-1458	False	True
test-1459	False	False
test-1460	True	True
test-1461	False	False
test-1462	False	False
test-1463	True	True
test-1464	False	True
test-1465	True	True
test-1466	False	False
test-1467	False	False
test-1468	True	True
test-1469	False	False
test-1470	False	True
test-1471	False	False
test-1472	True	True
test-1473	False	False
test-1474	False	False
test-1475	False	False
test-1476	False	False
test-1477	True	True
test-1478	True	False
test-1479	False	False
test-1480	True	True
test-1481	False	False
test-1482	False	True
test-1483	False	False
test-1484	True	False
test-1485	False	True
test-1486	True	True
test-1487	False	False
test-1488	False	True
test-1489	True	False
test-1490	False	True
test-1491	True	True
test-1492	False	True
test-1493	False	False
test-1494	True	False
test-1495	False	True
test-1496	False	True
test-1497	False	False
test-1498	False	False
test-1499	True	False
test-1500	False	True
test-1501	False	False
test-1502	False	False
test-1503	False	True
test-1504	True	True
test-1505	False	False
test-1506	False	True
test-1507	False	False
test-1508	False	False
test-1509	False	False
test-1510	False	False
test-1511	True	True
test-1512	False	True
test-1513	True	False
test-1514	True	True
test-1515	False	True
test-1516	False	False
test-1517	True	False
test-1518	False	False
test-1519	False	False
test-1520	True	False
test-1521	False	False
test-1522	False	False
test-1523	False	False
test-1524	True	False
test-1525	False	False
test-1526	False	True
test-1527	False	True
test-1528	False	False
test-1529	True	False
test-1530	False	False
test-1531	False	False
test-1532	False	False
test-1533	True	False
test-1534	False	False
test-1535	False	False
test-1536	False	False
test-1537	True	False
test-1538	True	False
test-1539	True	False
test-1540	True	True
test-1541	True	False
test-1542	True	False
test-1543	True	False
test-1544	False	False
test-1545	True	True
test-1546	True	False
test-1547	False	False
test-1548	False	False
test-1549	False	False
test-1550	False	False
test-1551	False	False
test-1552	True	True
test-1553	False	False
test-1554	False	True
test-1555	True	True
test-1556	False	False
test-1557	False	False
test-1558	True	True
test-1559	True	True
test-1560	True	False
test-1561	False	True
test-1562	False	True
test-1563	False	True
test-1564	False	True
test-1565	False	False
test-1566	True	False
test-1567	False	True
test-1568	False	False
test-1569	False	False
test-1570	False	False
test-1571	True	False
test-1572	True	False
test-1573	True	True
test-1574	False	False
test-1575	True	False
test-1576	False	False
test-1577	False	False
test-1578	True	False
test-1579	False	True
test-1580	False	True
test-1581	False	True
test-1582	False	True
test-1583	False	False
test-1584	False	False
test-1585	True	False
test-1586	True	True
test-1587	True	False
test-1588	True	False
test-1589	False	True
test-1590	False	True
test-1591	False	False
test-1592	True	False
test-1593	False	True
test-1594	True	True
test-1595	False	True
test-1596	True	False
test-1597	False	False
test-1598	False	False
test-1599	True	False
test-1600	False	True
test-1601	False	False
test-1602	True	False
test-1603	False	True
test-1604	True	False
test-1605	False	True
test-1606	False	False
test-1607	False	False
test-1608	False	True
test-1609	False	True
test-1610	False	False
test-1611	False	True
test-1612	False	False
test-1613	False	False
test-1614	False	False
test-1615	True	False
test-1616	False	False
test-1617	True	True
test-1618	True	True
test-1619	False	False
test-1620	False	False
test-1621	True	False
test-1622	True	False
test-1623	False	True
test-1624	True	False
test-1625	True	True
test-1626	True	False
test-1627	True	False
test-1628	True	False
test-1629	True	True
test-1630	False	False
test-1631	False	False
test-1632	True	True
test-1633	True	True
test-1634	True	True
test-1635	False	False
test-1636	False	False
test-1637	False	False
test-1638	False	True
test-1639	False	True
test-1640	False	False
test-1641	False	False
test-1642	True	False
test-1643	False	False
test-1644	True	False
test-1645	False	True
test-1646	False	True
test-1647	False	False
test-1648	False	False
test-1649	True	True
test-1650	False	False
test-1651	False	True
test-1652	True	False
test-1653	False	True
test-1654	False	False
test-1655	False	False
test-1656	False	True
test-1657	False	False
test-1658	False	False
test-1659	True	False
test-1660	False	False
test-1661	False	False
test-1662	True	False
test-1663	True	False
test-1664	False	True
test-1665	True	False
test-1666	False	True
test-1667	False	False
test-1668	False	False
test-1669	False	False
test-1670	False	True
test-1671	True	False
test-1672	True	True
test-1673	True	False
test-1674	False	False
test-1675	True	True
test-1676	False	False
test-1677	False	False
test-1678	True	False
test-1679	False	False
test-1680	True	True
test-1681	True	True
test-1682	False	False
test-1683	False	False
test-1684	True	True
test-1685	True	True
test-1686	True	False
test-1687	False	True
test-1688	False	False
test-1689	False	False
test-1690	True	True
test-1691	True	True
test-1692	False	False
test-1693	False	False
test-1694	True	False
test-1695	False	False
test-1696	False	False
test-1697	False	False
test-1698	False	True
test-1699	True	True
test-1700	False	False
test-1701	False	True
test-1702	False	True
test-1703	False	True
test-1704	True	True
test-1705	False	False
test-1706	True	True
test-1707	True	False
test-1708	False	True
test-1709	False	False
test-1710	False	False
test-1711	False	False
test-1712	False	False
test-1713	False	False
test-1714	False	False
test-1715	True	True
test-1716	False	False
test-1717	False	False
test-1718	False	True
test-1719	False	False
test-1720	False	True
test-1721	True	True
test-1722	False	True
test-1723	False	False
test-1724	False	False
test-1725	True	True
test-1726	False	True
test-1727	False	False
test-1728	False	False
test-1729	True	False
test-1730	True	False
test-1731	False	True
test-1732	False	True
test-1733	True	True
test-1734	False	False
test-1735	False	True
test-1736	False	False
test-1737	True	False
test-1738	False	False
test-1739	False	False
test-1740	False	False
test-1741	True	False
test-1742	False	False
test-1743	False	False
test-1744	False	True
test-1745	False	False
test-1746	True	False
test-1747	True	False
test-1748	False	False
test-1749	True	True
test-1750	False	False
test-1751	False	False
test-1752	True	False
test-1753	True	False
test-1754	False	False
test-1755	False	False
test-1756	True	False
test-1757	False	False
test-1758	True	False
test-1759	False	False
test-1760	True	True
test-1761	True	False
test-1762	True	True
test-1763	False	False
test-1764	True	False
test-1765	False	False
test-1766	False	False
test-1767	False	False
test-1768	False	True
test-1769	False	True
test-1770	False	False
test-1771	False	True
test-1772	False	False
test-1773	False	True
test-1774	False	False
test-1775	False	False
test-1776	False	True
test-1777	False	False
test-1778	True	False
test-1779	True	False
test-1780	False	True
test-1781	False	True
test-1782	False	True
test-1783	True	False
test-1784	True	False
test-1785	False	False
test-1786	False	False
test-1787	True	False
test-1788	True	True
test-1789	True	False
test-1790	False	False
test-1791	False	True
test-1792	False	False
test-1793	True	True
test-1794	True	True
test-1795	False	False
test-1796	True	False
test-1797	False	True
test-1798	False	True
test-1799	True	False
test-1800	False	False
test-1801	True	True
test-1802	True	False
test-1803	True	False
test-1804	False	False
test-1805	True	False
test-1806	True	True
test-1807	True	False
test-1808	False	False
test-1809	True	False
test-1810	False	True
test-1811	False	False
test-1812	False	False
test-1813	False	False
test-1814	False	False
test-1815	False	False
test-1816	False	False
test-1817	False	False
test-1818	False	False
test-1819	False	True
test-1820	False	True
test-1821	False	True
test-1822	True	False
test-1823	False	False
test-1824	False	False
test-1825	True	False
test-1826	True	True
test-1827	False	False
test-1828	False	True
test-1829	False	False
test-1830	True	False
test-1831	False	False
test-1832	True	True
test-1833	False	False
test-1834	False	False
test-1835	False	True
test-1836	True	False
test-1837	False	True
test-1838	False	False
test-1839	False	False
test-1840	False	True
test-1841	False	True
test-1842	False	True
test-1843	True	True
test-1844	False	True
test-1845	False	True
test-1846	False	True
test-1847	False	False
test-1848	False	False
test-1849	True	True
test-1850	False	False
test-1851	False	True
test-1852	False	True
test-1853	True	False
test-1854	False	False
test-1855	True	False
test-1856	True	False
test-1857	False	False
test-1858	False	False
test-1859	True	True
test-1860	False	False
test-1861	True	False
test-1862	False	False
test-1863	False	False
test-1864	False	True
test-1865	False	False
test-1866	True	True
test-1867	False	False
test-1868	False	True
test-1869	False	True
test-1870	False	True
test-1871	True	True
test-1872	True	False
test-1873	True	False
test-1874	True	False
test-1875	False	False
test-1876	False	True
test-1877	False	False
test-1878	False	False
test-1879	True	True
test-1880	True	True
test-1881	False	True
test-1882	True	True
test-1883	True	True
test-1884	False	False
test-1885	True	False
test-1886	True	True
test-1887	False	False
test-1888	False	False
test-1889	False	False
test-1890	False	False
test-1891	False	True
test-1892	False	False
test-1893	True	False
test-1894	False	False
test-1895	True	False
test-1896	True	True
test-1897	False	True
test-1898	False	True
test-1899	False	False
test-1900	False	False
test-1901	True	True
test-1902	True	True
test-1903	False	False
test-1904	False	True
test-1905	True	False
test-1906	False	False
test-1907	True	False
test-1908	True	True
test-1909	False	False
test-1910	True	False
test-1911	True	True
test-1912	True	False
test-1913	False	False
test-1914	False	False
test-1915	False	False
test-1916	True	True
test-1917	True	False
test-1918	False	False
test-1919	False	False
test-1920	True	False
test-1921	True	False
test-1922	True	False
test-1923	False	False
test-1924	False	True
test-1925	False	True
test-1926	False	False
test-1927	False	False
test-1928	True	False
test-1929	True	False
test-1930	False	False
test-1931	False	False
test-1932	False	True
test-1933	False	True
test-1934	False	False
test-1935	False	False
test-1936	False	True
test-1937	True	False
test-1938	False	False
test-1939	True	False
test-1940	False	False
test-1941	False	False
test-1942	False	False
test-1943	False	False
test-1944	False	False
test-1945	True	False
test-1946	False	False
test-1947	False	True
test-1948	False	True
test-1949	True	False
test-1950	False	True
test-1951	False	True
test-1952	False	False
test-1953	False	False
test-1954	False	True
test-1955	False	False
test-1956	False	False
test-1957	False	True
test-1958	False	True
test-1959	False	True
test-1960	True	False
test-1961	False	True
test-1962	False	False
test-1963	False	False
test-1964	False	False
test-1965	True	True
test-1966	False	True
test-1967	True	True
test-1968	True	True
test-1969	False	False
test-1970	False	False
test-1971	False	False
test-1972	True	True
test-1973	True	False
test-1974	False	True
test-1975	False	False
test-1976	True	True
test-1977	False	True
test-1978	True	True
test-1979	False	False
test-1980	False	False
test-1981	False	False
test-1982	False	True
test-1983	False	False
test-1984	False	True
test-1985	False	False
test-1986	True	False
test-1987	False	False
test-1988	False	False
test-1989	True	True
test-1990	False	False
test-1991	False	False
test-1992	False	False
test-1993	False	False
test-1994	False	False
test-1995	True	False
test-1996	False	False
test-1997	False	False
test-1998	False	False
test-1999	True	True
test-2000	True	False
